z_m,T_K,T_C,p_Pa,p_hPa
0.0,295.15,22.0,102100.0,1021.0
3.75,295.12562499999996,21.97562499999998,102055.69007401723,1020.5569007401723
7.5,295.10125,21.951250000000016,102011.3957204908,1020.1139572049079
11.25,295.076875,21.926874999999995,101967.11693523328,1019.6711693523328
15.0,295.05249999999995,21.902499999999975,101922.85371405829,1019.228537140583
18.75,295.028125,21.87812500000001,101878.60605278023,1018.7860605278023
22.5,295.00374999999997,21.85374999999999,101834.37394721399,1018.3437394721399
26.25,294.979375,21.829375000000027,101790.15739317554,1017.9015739317554
30.0,294.955,21.805000000000007,101745.95638648146,1017.4595638648145
33.75,294.93062499999996,21.780624999999986,101701.7709229492,1017.0177092294921
37.5,294.90625,21.756250000000023,101657.60099839707,1016.5760099839707
41.25,294.881875,21.731875000000002,101613.44660864386,1016.1344660864386
45.0,294.85749999999996,21.707499999999982,101569.30774950936,1015.6930774950936
48.75,294.833125,21.683125000000018,101525.18441681434,1015.2518441681434
52.5,294.80875,21.658749999999998,101481.07660637985,1014.8107660637985
56.25,294.78437499999995,21.634374999999977,101436.98431402809,1014.3698431402809
60.0,294.76,21.610000000000014,101392.90753558198,1013.9290753558198
63.75,294.73562499999997,21.585624999999993,101348.84626686509,1013.4884626686509
67.5,294.71124999999995,21.561249999999973,101304.80050370189,1013.0480050370189
71.25,294.686875,21.53687500000001,101260.77024191774,1012.6077024191774
75.0,294.66249999999997,21.51249999999999,101216.75547733836,1012.1675547733836
78.75,294.638125,21.488125000000025,101172.75620579073,1011.7275620579073
82.5,294.61375,21.463750000000005,101128.77242310229,1011.2877242310228
86.25,294.58937499999996,21.439374999999984,101084.80412510138,1010.8480412510138
90.0,294.565,21.41500000000002,101040.85130761728,1010.4085130761728
93.75,294.540625,21.390625,100996.91396647957,1009.9691396647956
97.5,294.51624999999996,21.36624999999998,100952.99209751912,1009.5299209751912
101.25,294.491875,21.341875000000016,100909.08569656748,1009.0908569656748
105.0,294.4675,21.317499999999995,100865.19475945659,1008.6519475945659
108.75,294.44312499999995,21.293124999999975,100821.3192820196,1008.213192820196
112.5,294.41875,21.26875000000001,100777.45926009033,1007.7745926009032
116.25,294.39437499999997,21.24437499999999,100733.61468950321,1007.3361468950321
120.0,294.37,21.220000000000027,100689.7855660938,1006.8978556609379
123.75,294.345625,21.195625000000007,100645.97188569792,1006.4597188569792
127.5,294.32124999999996,21.171249999999986,100602.17364415259,1006.0217364415258
131.25,294.296875,21.146875000000023,100558.39083729555,1005.5839083729555
135.0,294.2725,21.122500000000002,100514.62346096511,1005.1462346096512
138.75,294.24812499999996,21.098124999999982,100470.87151100059,1004.7087151100059
142.5,294.22375,21.073750000000018,100427.13498324201,1004.2713498324201
146.25,294.199375,21.049374999999998,100383.41387353002,1003.8341387353003
150.0,294.17499999999995,21.024999999999977,100339.70817770627,1003.3970817770627
153.75,294.150625,21.000625000000014,100296.0178916132,1002.960178916132
157.5,294.12624999999997,20.976249999999993,100252.34301109365,1002.5234301109365
161.25,294.10187499999995,20.951874999999973,100208.68353199166,1002.0868353199165
165.0,294.0775,20.92750000000001,100165.03945015195,1001.6503945015195
168.75,294.05312499999997,20.90312499999999,100121.41076141981,1001.2141076141982
172.5,294.02875,20.878750000000025,100077.79746164168,1000.7779746164167
176.25,294.004375,20.854375000000005,100034.19954666427,1000.3419954666427
180.0,293.97999999999996,20.829999999999984,99990.61701233544,999.9061701233544
183.75,293.955625,20.80562500000002,99947.04985450394,999.4704985450394
187.5,293.93125,20.78125,99903.49806901885,999.0349806901885
191.25,293.90687499999996,20.75687499999998,99859.96165173034,998.5996165173034
195.0,293.8825,20.732500000000016,99816.44059848935,998.1644059848935
198.75,293.858125,20.708124999999995,99772.93490514744,997.7293490514744
202.5,293.83374999999995,20.683749999999975,99729.44456755706,997.2944456755706
206.25,293.809375,20.65937500000001,99685.96958157155,996.8596958157156
210.0,293.78499999999997,20.63499999999999,99642.50994304467,996.4250994304467
213.75,293.760625,20.610625000000027,99599.06564783133,995.9906564783133
217.5,293.73625,20.586250000000007,99555.63669178695,995.5563669178695
221.25,293.71187499999996,20.561874999999986,99512.22307076788,995.1222307076788
225.0,293.6875,20.537500000000023,99468.82478063134,994.6882478063135
228.75,293.663125,20.513125000000002,99425.44181723491,994.2544181723491
232.5,293.63874999999996,20.488749999999982,99382.07417643741,993.8207417643741
236.25,293.614375,20.464375000000018,99338.72185409834,993.3872185409834
240.0,293.59,20.439999999999998,99295.38484607765,992.9538484607765
243.75,293.56562499999995,20.415624999999977,99252.06314823641,992.5206314823641
247.5,293.54125,20.391250000000014,99208.7567564364,992.087567564364
251.25,293.51687499999997,20.366874999999993,99165.46566654004,991.6546566654004
255.0,293.49249999999995,20.342499999999973,99122.18987441066,991.2218987441066
258.75,293.468125,20.31812500000001,99078.92937591243,990.7892937591242
262.5,293.44374999999997,20.29374999999999,99035.68416690995,990.3568416690995
266.25,293.419375,20.269375000000025,98992.454243269,989.92454243269
270.0,293.395,20.245000000000005,98949.23960085589,989.4923960085589
273.75,293.37062499999996,20.220624999999984,98906.04023553779,989.0604023553778
277.5,293.34625,20.19625000000002,98862.8561431827,988.6285614318269
281.25,293.321875,20.171875,98819.68731965922,988.1968731965922
285.0,293.29749999999996,20.14749999999998,98776.53376083689,987.7653376083689
288.75,293.273125,20.123125000000016,98733.39546258605,987.3339546258605
292.5,293.24875,20.098749999999995,98690.27242077755,986.9027242077755
296.25,293.22437499999995,20.074374999999975,98647.16463128327,986.4716463128327
300.0,293.2,20.05000000000001,98604.07208997589,986.0407208997589
303.75,293.17562499999997,20.02562499999999,98560.9947927286,985.6099479272859
307.5,293.15125,20.001250000000027,98517.93273541571,985.1793273541572
311.25,293.126875,19.976875000000007,98474.88591391192,984.7488591391192
315.0,293.10249999999996,19.952499999999986,98431.85432409291,984.3185432409291
318.75,293.078125,19.928125000000023,98388.83796183541,983.8883796183541
322.5,293.05375,19.903750000000002,98345.83682301632,983.4583682301632
326.25,293.02937499999996,19.879374999999982,98302.85090351375,983.0285090351375
330.0,293.005,19.855000000000018,98259.88019920653,982.5988019920653
333.75,292.980625,19.830624999999998,98216.92470597409,982.1692470597409
337.5,292.95624999999995,19.806249999999977,98173.9844196968,981.7398441969681
341.25,292.931875,19.781875000000014,98131.05933625587,981.3105933625587
345.0,292.90749999999997,19.757499999999993,98088.14945153291,980.8814945153291
348.75,292.88312499999995,19.733124999999973,98045.25476141069,980.4525476141068
352.5,292.85875,19.70875000000001,98002.37526177266,980.0237526177266
356.25,292.83437499999997,19.68437499999999,97959.5109485029,979.595109485029
360.0,292.81,19.660000000000025,97916.6618174865,979.166618174865
363.75,292.785625,19.635625000000005,97873.82786460893,978.7382786460893
367.5,292.76124999999996,19.611249999999984,97831.0090857569,978.310090857569
371.25,292.736875,19.58687500000002,97788.20547681775,977.8820547681775
375.0,292.7125,19.5625,97745.41703367926,977.4541703367926
378.75,292.68812499999996,19.53812499999998,97702.6437522304,977.026437522304
382.5,292.66375,19.513750000000016,97659.8856283608,976.598856283608
386.25,292.639375,19.489374999999995,97617.14265796069,976.1714265796069
390.0,292.61499999999995,19.464999999999975,97574.41483692128,975.7441483692128
393.75,292.590625,19.44062500000001,97531.70216113457,975.3170216113457
397.5,292.56624999999997,19.41624999999999,97489.004626493,974.89004626493
401.25,292.541875,19.391875000000027,97446.3222288902,974.463222288902
405.0,292.5175,19.367500000000007,97403.65496422029,974.0365496422029
408.75,292.49312499999996,19.343124999999986,97361.00282837827,973.6100282837828
412.5,292.46875,19.318750000000023,97318.36581726003,973.1836581726003
416.25,292.444375,19.294375000000002,97275.74392676192,972.7574392676192
420.0,292.41999999999996,19.269999999999982,97233.13715278132,972.3313715278132
423.75,292.395625,19.245625000000018,97190.54549121643,971.9054549121643
427.5,292.37125,19.221249999999998,97147.96893796587,971.4796893796587
431.25,292.34687499999995,19.196874999999977,97105.40748892937,971.0540748892937
435.0,292.3225,19.172500000000014,97062.86114000737,970.6286114000737
438.75,292.29812499999997,19.148124999999993,97020.32988710092,970.2032988710092
442.5,292.27374999999995,19.123749999999973,96977.81372611201,969.7781372611202
446.25,292.249375,19.09937500000001,96935.31265294347,969.3531265294347
450.0,292.22499999999997,19.07499999999999,96892.82666349845,968.9282666349844
453.75,292.200625,19.050625000000025,96850.35575368158,968.5035575368158
457.5,292.17625,19.026250000000005,96807.89991939755,968.0789991939755
461.25,292.15187499999996,19.001874999999984,96765.45915655227,967.6545915655228
465.0,292.1275,18.97750000000002,96723.03346105237,967.2303346105238
468.75,292.103125,18.953125,96680.62282880506,966.8062282880506
472.5,292.07874999999996,18.92874999999998,96638.22725571846,966.3822725571846
476.25,292.054375,18.904375000000016,96595.84673770159,965.958467377016
480.0,292.03,18.879999999999995,96553.48127066385,965.5348127066385
483.75,292.00562499999995,18.855624999999975,96511.13085051574,965.1113085051574
487.5,291.98125,18.83125000000001,96468.7954731685,964.6879547316851
491.25,291.95687499999997,18.80687499999999,96426.47513453398,964.2647513453397
495.0,291.9325,18.782500000000027,96384.16983052505,963.8416983052505
498.75,291.908125,18.758125000000007,96341.87955705491,963.4187955705492
502.5,291.88374999999996,18.733749999999986,96299.60431003806,962.9960431003806
506.25,291.859375,18.709375000000023,96257.34408538956,962.5734408538956
510.0,291.835,18.685000000000002,96215.098879025,962.1509887902499
513.75,291.81062499999996,18.660624999999982,96172.86868686104,961.7286868686103
517.5,291.78625,18.636250000000018,96130.65350481507,961.3065350481506
521.25,291.761875,18.611874999999998,96088.45332880509,960.8845332880509
525.0,291.73749999999995,18.587499999999977,96046.26815475003,960.4626815475002
528.75,291.713125,18.563125000000014,96004.09797856963,960.0409797856962
532.5,291.68874999999997,18.538749999999993,95961.94279618408,959.6194279618409
536.25,291.66437499999995,18.514374999999973,95919.80260351463,959.1980260351463
540.0,291.64,18.49000000000001,95877.67739648343,958.7767739648343
543.75,291.61562499999997,18.46562499999999,95835.56717101292,958.3556717101293
547.5,291.59125,18.441250000000025,95793.47192302684,957.9347192302683
551.25,291.566875,18.416875000000005,95751.3916484491,957.513916484491
555.0,291.54249999999996,18.392499999999984,95709.32634320502,957.0932634320502
558.75,291.518125,18.36812500000002,95667.2760032204,956.672760032204
562.5,291.49375,18.34375,95625.24062442158,956.2524062442158
566.25,291.46937499999996,18.31937499999998,95583.22020273602,955.8322020273602
570.0,291.445,18.295000000000016,95541.21473409185,955.4121473409184
573.75,291.420625,18.270624999999995,95499.22421441782,954.9922421441781
577.5,291.39624999999995,18.246249999999975,95457.24863964363,954.5724863964363
581.25,291.371875,18.22187500000001,95415.2880056998,954.152880056998
585.0,291.34749999999997,18.19749999999999,95373.3423085172,953.7334230851719
588.75,291.323125,18.173125000000027,95331.4115440281,953.3141154402811
592.5,291.29875,18.148750000000007,95289.49570816496,952.8949570816496
596.25,291.27437499999996,18.124374999999986,95247.5947968613,952.475947968613
600.0,291.25,18.100000000000023,95205.70880605148,952.0570880605148
603.75,291.225625,18.075625000000002,95163.83773167036,951.6383773167036
607.5,291.20124999999996,18.051249999999982,95121.98156965374,951.2198156965374
611.25,291.176875,18.026875000000018,95080.14031593833,950.8014031593833
615.0,291.1525,18.002499999999998,95038.3139664612,950.3831396646119
618.75,291.12812499999995,17.978124999999977,94996.5025171605,949.9650251716049
622.5,291.10375,17.953750000000014,94954.70596397515,949.5470596397515
626.25,291.07937499999997,17.929374999999993,94912.92430284468,949.1292430284468
630.0,291.05499999999995,17.904999999999973,94871.15752970947,948.7115752970947
633.75,291.030625,17.88062500000001,94829.40564051075,948.2940564051075
637.5,291.00624999999997,17.85624999999999,94787.66863119032,947.8766863119032
641.25,290.981875,17.831875000000025,94745.946497691,947.45946497691
645.0,290.9575,17.807500000000005,94704.23923595603,947.0423923595604
648.75,290.93312499999996,17.783124999999984,94662.54684192972,946.6254684192972
652.5,290.90875,17.75875000000002,94620.86931155711,946.2086931155711
656.25,290.884375,17.734375,94579.20664078381,945.7920664078381
660.0,290.85999999999996,17.70999999999998,94537.55882555642,945.3755882555643
663.75,290.835625,17.685625000000016,94495.92586182231,944.9592586182231
667.5,290.81125,17.661249999999995,94454.30774552928,944.5430774552929
671.25,290.78687499999995,17.636874999999975,94412.70447262621,944.127044726262
675.0,290.7625,17.61250000000001,94371.11603906291,943.7111603906291
678.75,290.73812499999997,17.58812499999999,94329.54244078939,943.2954244078938
682.5,290.71375,17.563750000000027,94287.98367375703,942.8798367375703
686.25,290.689375,17.539375000000007,94246.4397339174,942.4643973391741
690.0,290.66499999999996,17.514999999999986,94204.91061722336,942.0491061722336
693.75,290.640625,17.490625000000023,94163.39631962837,941.6339631962837
697.5,290.61625,17.466250000000002,94121.89683708637,941.2189683708638
701.25,290.59187499999996,17.441874999999982,94080.4121655524,940.8041216555241
705.0,290.5675,17.417500000000018,94038.94230098223,940.3894230098224
708.75,290.543125,17.393124999999998,93997.4872393322,939.974872393322
712.5,290.51874999999995,17.368749999999977,93956.04697655958,939.5604697655958
716.25,290.494375,17.344375000000014,93914.6215086225,939.146215086225
720.0,290.46999999999997,17.319999999999993,93873.21083147942,938.7321083147941
723.75,290.44562499999995,17.295624999999973,93831.8149410901,938.3181494109009
727.5,290.42125,17.27125000000001,93790.43383341486,937.9043383341486
731.25,290.39687499999997,17.24687499999999,93749.06750441455,937.4906750441455
735.0,290.3725,17.222500000000025,93707.71595005115,937.0771595005115
738.75,290.348125,17.198125000000005,93666.37916628715,936.6637916628715
742.5,290.32374999999996,17.173749999999984,93625.05714908591,936.2505714908591
746.25,290.299375,17.14937500000002,93583.74989441167,935.8374989441166
750.0,290.275,17.125,93542.4573982291,935.424573982291
753.75,290.25062499999996,17.10062499999998,93501.17965650394,935.0117965650394
757.5,290.22625,17.076250000000016,93459.91666520262,934.5991666520262
761.25,290.201875,17.051874999999995,93418.66842029225,934.1866842029225
765.0,290.17749999999995,17.027499999999975,93377.43491774077,933.7743491774077
768.75,290.153125,17.00312500000001,93336.21615351696,933.3621615351695
772.5,290.12874999999997,16.97874999999999,93295.01212359015,932.9501212359014
776.25,290.104375,16.954375000000027,93253.82282393074,932.5382282393074
780.0,290.08,16.930000000000007,93212.64825050949,932.1264825050949
783.75,290.05562499999996,16.905624999999986,93171.48839929826,931.7148839929827
787.5,290.03125,16.881250000000023,93130.34326626963,931.3034326626963
791.25,290.006875,16.856875000000002,93089.21284739676,930.8921284739677
795.0,289.98249999999996,16.832499999999982,93048.09713865373,930.4809713865372
798.75,289.958125,16.808125000000018,93006.99613601547,930.0699613601547
802.5,289.93375,16.783749999999998,92965.90983545735,929.6590983545735
806.25,289.90937499999995,16.759374999999977,92924.83823295572,929.2483823295572
810.0,289.885,16.735000000000014,92883.78132448789,928.8378132448789
813.75,289.86062499999997,16.710624999999993,92842.73910603147,928.4273910603147
817.5,289.83624999999995,16.686249999999973,92801.71157356518,928.0171157356517
821.25,289.811875,16.66187500000001,92760.69872306843,927.6069872306844
825.0,289.78749999999997,16.63749999999999,92719.70055052129,927.1970055052129
828.75,289.763125,16.613125000000025,92678.71705190482,926.7871705190482
832.5,289.73875,16.588750000000005,92637.74822320047,926.3774822320047
836.25,289.71437499999996,16.564374999999984,92596.79406039078,925.9679406039078
840.0,289.69,16.54000000000002,92555.85455945901,925.5585455945901
843.75,289.665625,16.515625,92514.92971638899,925.1492971638899
847.5,289.64124999999996,16.49124999999998,92474.0195271655,924.740195271655
851.25,289.616875,16.466875000000016,92433.12398777413,924.3312398777413
855.0,289.5925,16.442499999999995,92392.24309420087,923.9224309420086
858.75,289.56812499999995,16.418124999999975,92351.37684243292,923.5137684243292
862.5,289.54375,16.39375000000001,92310.52522845811,923.1052522845811
866.25,289.51937499999997,16.36937499999999,92269.68824826475,922.6968824826475
870.0,289.495,16.345000000000027,92228.8658978423,922.2886589784231
873.75,289.470625,16.320625000000007,92188.0581731807,921.8805817318071
877.5,289.44624999999996,16.296249999999986,92147.26507027082,921.4726507027082
881.25,289.421875,16.271875000000023,92106.48658510434,921.0648658510435
885.0,289.3975,16.247500000000002,92065.7227136734,920.657227136734
888.75,289.37312499999996,16.223124999999982,92024.97345197118,920.2497345197118
892.5,289.34875,16.198750000000018,91984.23879599161,919.8423879599161
896.25,289.324375,16.174374999999998,91943.5187417292,919.435187417292
900.0,289.29999999999995,16.149999999999977,91902.81328517938,919.0281328517938
903.75,289.275625,16.125625000000014,91862.12242233835,918.6212242233835
907.5,289.25124999999997,16.101249999999993,91821.44614920291,918.214461492029
911.25,289.22687499999995,16.076874999999973,91780.78446177079,917.8078446177079
915.0,289.2025,16.05250000000001,91740.1373560405,917.4013735604051
918.75,289.17812499999997,16.02812499999999,91699.50482801103,916.9950482801104
922.5,289.15375,16.003750000000025,91658.88687368248,916.5888687368248
926.25,289.129375,15.979375000000005,91618.28348905545,916.1828348905545
930.0,289.10499999999996,15.954999999999984,91577.69467013147,915.7769467013147
933.75,289.080625,15.93062500000002,91537.12041291287,915.3712041291287
937.5,289.05625,15.90625,91496.56071340245,914.9656071340245
941.25,289.03187499999996,15.88187499999998,91456.01556760394,914.5601556760395
945.0,289.0075,15.857500000000016,91415.48497152215,914.1548497152215
948.75,288.983125,15.833124999999995,91374.96892116204,913.7496892116204
952.5,288.95874999999995,15.808749999999975,91334.46741252975,913.3446741252975
956.25,288.934375,15.784375000000011,91293.98044163211,912.9398044163212
960.0,288.90999999999997,15.759999999999991,91253.5080044766,912.5350800447659
963.75,288.885625,15.735625000000027,91213.05009707164,912.1305009707164
967.5,288.86125,15.711250000000007,91172.60671542613,911.7260671542613
971.25,288.83687499999996,15.686874999999986,91132.17785554996,911.3217785554996
975.0,288.8125,15.662500000000023,91091.76351345383,910.9176351345383
978.75,288.788125,15.638125000000002,91051.36368514893,910.5136368514893
982.5,288.76374999999996,15.613749999999982,91010.97836664744,910.1097836664744
986.25,288.739375,15.589375000000018,90970.60755396233,909.7060755396233
990.0,288.715,15.564999999999998,90930.25124310696,909.3025124310697
993.75,288.69062499999995,15.540624999999977,90889.90943009593,908.8990943009593
997.5,288.66625,15.516250000000014,90849.58211094444,908.4958211094444
1001.25,288.64187499999997,15.491874999999993,90809.26928166815,908.0926928166815
1005.0,288.61749999999995,15.467499999999973,90768.97093828386,907.6897093828386
1008.75,288.593125,15.443125000000009,90728.68707680903,907.2868707680904
1012.5,288.56874999999997,15.418749999999989,90688.41769326174,906.8841769326174
1016.25,288.544375,15.394375000000025,90648.16278366109,906.4816278366109
1020.0,288.52,15.370000000000005,90607.92234402653,906.0792234402653
1023.75,288.49562499999996,15.345624999999984,90567.69637037866,905.6769637037866
1027.5,288.47125,15.32125000000002,90527.48485873872,905.2748485873873
1031.25,288.446875,15.296875,90487.2878051286,904.872878051286
1035.0,288.42249999999996,15.27249999999998,90447.10520557105,904.4710520557105
1038.75,288.398125,15.248125000000016,90406.93705608962,904.0693705608962
1042.5,288.37375,15.223749999999995,90366.78335270847,903.6678335270848
1046.25,288.34937499999995,15.199374999999975,90326.64409145263,903.2664409145264
1050.0,288.325,15.175000000000011,90286.51926834801,902.8651926834801
1053.75,288.30062499999997,15.150624999999991,90246.40887942085,902.4640887942085
1057.5,288.27625,15.126250000000027,90206.31292069863,902.0631292069863
1061.25,288.251875,15.101875000000007,90166.23138820929,901.6623138820928
1065.0,288.22749999999996,15.077499999999986,90126.16427798163,901.2616427798163
1068.75,288.203125,15.053125000000023,90086.11158604534,900.8611158604534
1072.5,288.17875,15.028750000000002,90046.07330843051,900.460733084305
1076.25,288.15437499999996,15.004374999999982,90006.04944116824,900.0604944116825
1080.0,288.13,14.980000000000018,89966.03998029057,899.6603998029058
1083.75,288.105625,14.955624999999998,89926.04492182985,899.2604492182985
1087.5,288.08124999999995,14.931249999999977,89886.06426181945,898.8606426181946
1091.25,288.056875,14.906875000000014,89846.09799629358,898.4609799629358
1095.0,288.03249999999997,14.882499999999993,89806.14612128696,898.0614612128696
1098.75,288.00812499999995,14.858124999999973,89766.20863283523,897.6620863283523
1102.5,287.98375,14.833750000000009,89726.2855269749,897.262855269749
1106.25,287.95937499999997,14.809374999999989,89686.37679974284,896.8637679974283
1110.0,287.935,14.785000000000025,89646.4824471771,896.464824471771
1113.75,287.910625,14.760625000000005,89606.60246531622,896.0660246531621
1117.5,287.88624999999996,14.736249999999984,89566.73685019962,895.6673685019963
1121.25,287.861875,14.71187500000002,89526.88559786757,895.2688559786757
1125.0,287.8375,14.6875,89487.0487043607,894.870487043607
1128.75,287.81312499999996,14.66312499999998,89447.22616572087,894.4722616572087
1132.5,287.78875,14.638750000000016,89407.41797799057,894.0741797799056
1136.25,287.764375,14.614374999999995,89367.62413721273,893.6762413721273
1140.0,287.73999999999995,14.589999999999975,89327.84463943141,893.2784463943141
1143.75,287.715625,14.565625000000011,89288.07948069133,892.8807948069133
1147.5,287.69124999999997,14.541249999999991,89248.32865703784,892.4832865703784
1151.25,287.666875,14.516875000000027,89208.59216451726,892.0859216451727
1155.0,287.6425,14.492500000000007,89168.86999917636,891.6886999917635
1158.75,287.61812499999996,14.468124999999986,89129.16215706292,891.2916215706292
1162.5,287.59375,14.443750000000023,89089.46863422547,890.8946863422548
1166.25,287.569375,14.419375000000002,89049.78942671313,890.4978942671313
1170.0,287.54499999999996,14.394999999999982,89010.12453057592,890.1012453057592
1173.75,287.520625,14.370625000000018,88970.47394186466,889.7047394186467
1177.5,287.49625,14.346249999999998,88930.83765663058,889.3083765663058
1181.25,287.47187499999995,14.321874999999977,88891.21567092612,888.9121567092611
1185.0,287.4475,14.297500000000014,88851.60798080433,888.5160798080433
1188.75,287.42312499999997,14.273124999999993,88812.01458231873,888.1201458231874
1192.5,287.39874999999995,14.248749999999973,88772.43547152396,887.7243547152397
1196.25,287.374375,14.224375000000009,88732.87064447529,887.3287064447529
1200.0,287.34999999999997,14.199999999999989,88693.32009722866,886.9332009722866
1203.75,287.325625,14.175625000000025,88653.78382584098,886.5378382584098
1207.5,287.30125,14.151250000000005,88614.26182636955,886.1426182636955
1211.25,287.27687499999996,14.126874999999984,88574.7540948727,885.747540948727
1215.0,287.2525,14.10250000000002,88535.26062740969,885.352606274097
1218.75,287.228125,14.078125,88495.78142004,884.9578142004
1222.5,287.20374999999996,14.05374999999998,88456.31646882433,884.5631646882433
1226.25,287.179375,14.029375000000016,88416.86576982395,884.1686576982396
1230.0,287.155,14.004999999999995,88377.42931910088,883.7742931910087
1233.75,287.13062499999995,13.980624999999975,88338.00711271791,883.3800711271791
1237.5,287.10625,13.956250000000011,88298.59914673874,882.9859914673874
1241.25,287.08187499999997,13.931874999999991,88259.20541722744,882.5920541722744
1245.0,287.0575,13.907500000000027,88219.82592024923,882.1982592024923
1248.75,287.033125,13.883125000000007,88180.46065186984,881.8046065186984
1252.5,287.00874999999996,13.858749999999986,88141.10960815586,881.4110960815586
1256.25,286.984375,13.834375000000023,88101.77278517475,881.0177278517475
1260.0,286.96,13.810000000000002,88062.4501789943,880.624501789943
1263.75,286.93562499999996,13.785624999999982,88023.14178568356,880.2314178568356
1267.5,286.91125,13.761250000000018,87983.84760131215,879.8384760131215
1271.25,286.886875,13.736874999999998,87944.56762195022,879.4456762195022
1275.0,286.86249999999995,13.712499999999977,87905.30184366893,879.0530184366893
1278.75,286.838125,13.688125000000014,87866.0502625402,878.660502625402
1282.5,286.81374999999997,13.663749999999993,87826.81287463651,878.2681287463652
1286.25,286.78937499999995,13.639374999999973,87787.58967603125,877.8758967603125
1290.0,286.765,13.615000000000009,87748.38066279863,877.4838066279864
1293.75,286.74062499999997,13.590624999999989,87709.1858310133,877.0918583101329
1297.5,286.71625,13.566250000000025,87670.005176751,876.70005176751
1301.25,286.691875,13.541875000000005,87630.83869608802,876.3083869608802
1305.0,286.66749999999996,13.517499999999984,87591.68638510148,875.9168638510148
1308.75,286.643125,13.49312500000002,87552.54823986937,875.5254823986937
1312.5,286.61875,13.46875,87513.42425647004,875.1342425647003
1316.25,286.59437499999996,13.44437499999998,87474.31443098307,874.7431443098307
1320.0,286.57,13.420000000000016,87435.21875948862,874.3521875948862
1323.75,286.545625,13.395624999999995,87396.13723806734,873.9613723806734
1327.5,286.52124999999995,13.371249999999975,87357.06986280098,873.5706986280098
1331.25,286.496875,13.346875000000011,87318.01662977197,873.1801662977197
1335.0,286.47249999999997,13.322499999999991,87278.97753506331,872.7897753506331
1338.75,286.448125,13.298125000000027,87239.95257475905,872.3995257475905
1342.5,286.42375,13.273750000000007,87200.94174494362,872.0094174494361
1346.25,286.39937499999996,13.249374999999986,87161.9450417024,871.619450417024
1350.0,286.375,13.225000000000023,87122.96246112179,871.2296246112179
1353.75,286.350625,13.200625000000002,87083.9939992884,870.8399399928841
1357.5,286.32624999999996,13.176249999999982,87045.03965228995,870.4503965228995
1361.25,286.301875,13.151875000000018,87006.0994162149,870.060994162149
1365.0,286.2775,13.127499999999998,86967.17328715225,869.6717328715225
1368.75,286.25312499999995,13.103124999999977,86928.26126119198,869.2826126119197
1372.5,286.22875,13.078750000000014,86889.36333442482,868.8936333442482
1376.25,286.20437499999997,13.054374999999993,86850.47950294193,868.5047950294194
1380.0,286.17999999999995,13.029999999999973,86811.6097628356,868.1160976283559
1383.75,286.155625,13.005625000000009,86772.75411019873,867.7275411019873
1387.5,286.13124999999997,12.981249999999989,86733.91254112488,867.3391254112488
1391.25,286.106875,12.956875000000025,86695.0850517086,866.9508505170859
1395.0,286.0825,12.932500000000005,86656.27163804475,866.5627163804476
1398.75,286.05812499999996,12.908124999999984,86617.47229622948,866.1747229622947
1402.5,286.03375,12.88375000000002,86578.68702235943,865.7868702235943
1406.25,286.009375,12.859375,86539.91581253184,865.3991581253183
1410.0,285.98499999999996,12.83499999999998,86501.15866284491,865.0115866284491
1413.75,285.960625,12.810625000000016,86462.41556939764,864.6241556939764
1417.5,285.93625,12.786249999999995,86423.6865282895,864.236865282895
1421.25,285.91187499999995,12.761874999999975,86384.971535621,863.84971535621
1425.0,285.8875,12.737500000000011,86346.27058749339,863.4627058749339
1428.75,285.86312499999997,12.713124999999991,86307.5836800083,863.075836800083
1432.5,285.83875,12.688750000000027,86268.91080926858,862.6891080926857
1436.25,285.814375,12.664375000000007,86230.25197137748,862.3025197137748
1440.0,285.78999999999996,12.639999999999986,86191.60716243924,861.9160716243923
1443.75,285.765625,12.615625000000023,86152.97637855883,861.5297637855883
1447.5,285.74125,12.591250000000002,86114.35961584165,861.1435961584165
1451.25,285.71687499999996,12.566874999999982,86075.75687039427,860.7575687039426
1455.0,285.6925,12.542500000000018,86037.1681383239,860.3716813832391
1458.75,285.668125,12.518124999999998,85998.59341573824,859.9859341573824
1462.5,285.64374999999995,12.493749999999977,85960.032698746,859.60032698746
1466.25,285.619375,12.469375000000014,85921.48598345665,859.2148598345665
1470.0,285.59499999999997,12.444999999999993,85882.95326598019,858.8295326598019
1473.75,285.57062499999995,12.420624999999973,85844.43454242758,858.4443454242759
1477.5,285.54625,12.396250000000009,85805.92980891057,858.0592980891057
1481.25,285.52187499999997,12.371874999999989,85767.43906154126,857.6743906154126
1485.0,285.4975,12.347500000000025,85728.96229643308,857.2896229643308
1488.75,285.473125,12.323125000000005,85690.49950969969,856.9049950969969
1492.5,285.44874999999996,12.298749999999984,85652.0506974558,856.520506974558
1496.25,285.424375,12.27437500000002,85613.61585581682,856.1361585581683
1500.0,285.4,12.25,85575.19498089883,855.7519498089882
1503.75,285.37562499999996,12.22562499999998,85536.7880688187,855.367880688187
1507.5,285.35125,12.201250000000016,85498.39511569418,854.9839511569418
1511.25,285.326875,12.176874999999995,85460.01611764342,854.6001611764342
1515.0,285.30249999999995,12.152499999999975,85421.65107078565,854.2165107078565
1518.75,285.278125,12.128125000000011,85383.29997124078,853.8329997124077
1522.5,285.25374999999997,12.103749999999991,85344.96281512931,853.4496281512932
1526.25,285.229375,12.079375000000027,85306.6395985728,853.066395985728
1530.0,285.205,12.055000000000007,85268.33031769305,852.6833031769305
1533.75,285.18062499999996,12.030624999999986,85230.03496861314,852.3003496861314
1537.5,285.15625,12.006250000000023,85191.75354745673,851.9175354745672
1541.25,285.131875,11.981875000000002,85153.48605034796,851.5348605034795
1545.0,285.10749999999996,11.957499999999982,85115.23247341203,851.1523247341204
1548.75,285.083125,11.933125000000018,85076.99281277483,850.7699281277482
1552.5,285.05875,11.908749999999998,85038.76706456287,850.3876706456286
1556.25,285.03437499999995,11.884374999999977,85000.55522490352,850.0055522490352
1560.0,285.01,11.860000000000014,84962.35728992498,849.6235728992499
1563.75,284.98562499999997,11.835624999999993,84924.17325575589,849.2417325575589
1567.5,284.96124999999995,11.811249999999973,84886.00311852584,848.8600311852584
1571.25,284.936875,11.786875000000009,84847.8468743654,848.4784687436539
1575.0,284.91249999999997,11.762499999999989,84809.70451940536,848.0970451940536
1578.75,284.888125,11.738125000000025,84771.57604977778,847.7157604977779
1582.5,284.86375,11.713750000000005,84733.46146161496,847.3346146161497
1586.25,284.83937499999996,11.689374999999984,84695.3607510504,846.953607510504
1590.0,284.815,11.66500000000002,84657.2739142182,846.572739142182
1593.75,284.790625,11.640625,84619.20094725299,846.1920094725299
1597.5,284.76624999999996,11.61624999999998,84581.14184629041,845.8114184629042
1601.25,284.741875,11.591875000000016,84543.09660746681,845.430966074668
1605.0,284.7175,11.567499999999995,84505.06522691913,845.0506522691913
1608.75,284.69312499999995,11.543124999999975,84467.04770078523,844.6704770078524
1612.5,284.66875,11.518750000000011,84429.04402520372,844.2904402520372
1616.25,284.64437499999997,11.494374999999991,84391.05419631363,843.9105419631363
1620.0,284.62,11.470000000000027,84353.07821025533,843.5307821025533
1623.75,284.595625,11.445625000000007,84315.11606316929,843.151160631693
1627.5,284.57124999999996,11.421249999999986,84277.16775119714,842.7716775119713
1631.25,284.546875,11.396875000000023,84239.23327048121,842.3923327048121
1635.0,284.5225,11.372500000000002,84201.3126171644,842.013126171644
1638.75,284.49812499999996,11.348124999999982,84163.40578739051,841.6340578739051
1642.5,284.47375,11.323750000000018,84125.51277730415,841.2551277730414
1646.25,284.449375,11.299374999999998,84087.63358305035,840.8763358305035
1650.0,284.42499999999995,11.274999999999977,84049.76820077522,840.4976820077521
1653.75,284.400625,11.250625000000014,84011.91662662552,840.1191662662552
1657.5,284.37624999999997,11.226249999999993,83974.07885674866,839.7407885674866
1661.25,284.35187499999995,11.201874999999973,83936.25488729289,839.3625488729289
1665.0,284.3275,11.177500000000009,83898.44471440722,838.9844471440722
1668.75,284.30312499999997,11.153124999999989,83860.64833424128,838.6064833424128
1672.5,284.27875,11.128750000000025,83822.8657429457,838.2286574294569
1676.25,284.254375,11.104375000000005,83785.09693667144,837.8509693667144
1680.0,284.22999999999996,11.079999999999984,83747.34191157058,837.4734191157057
1683.75,284.205625,11.05562500000002,83709.60066379582,837.0960066379582
1687.5,284.18125,11.03125,83671.87318950055,836.7187318950055
1691.25,284.15687499999996,11.00687499999998,83634.15948483896,836.3415948483896
1695.0,284.1325,10.982500000000016,83596.45954596609,835.9645954596609
1698.75,284.108125,10.958124999999995,83558.7733690374,835.587733690374
1702.5,284.08374999999995,10.933749999999975,83521.10095020938,835.2110095020938
1706.25,284.059375,10.909375000000011,83483.44228563934,834.8344228563933
1710.0,284.03499999999997,10.884999999999991,83445.79737148495,834.4579737148495
1713.75,284.010625,10.860625000000027,83408.16620390507,834.0816620390507
1717.5,283.98625,10.836250000000007,83370.54877905881,833.7054877905881
1721.25,283.96187499999996,10.811874999999986,83332.9450931065,833.3294509310649
1725.0,283.9375,10.787500000000023,83295.3551422091,832.953551422091
1728.75,283.913125,10.763125000000002,83257.77892252798,832.5777892252798
1732.5,283.88874999999996,10.738749999999982,83220.21643022563,832.2021643022563
1736.25,283.864375,10.714375000000018,83182.66766146521,831.8266766146521
1740.0,283.84,10.689999999999998,83145.13261241042,831.4513261241042
1743.75,283.81562499999995,10.665624999999977,83107.61127922597,831.0761127922597
1747.5,283.79125,10.641250000000014,83070.10365807723,830.7010365807723
1751.25,283.76687499999997,10.616874999999993,83032.60974513006,830.3260974513006
1755.0,283.74249999999995,10.592499999999973,82995.12953655145,829.9512953655145
1758.75,283.718125,10.568125000000009,82957.66302850905,829.5766302850905
1762.5,283.69374999999997,10.543749999999989,82920.21021717094,829.2021021717094
1766.25,283.669375,10.519375000000025,82882.77109870632,828.8277109870631
1770.0,283.645,10.495000000000005,82845.34566928487,828.4534566928487
1773.75,283.62062499999996,10.470624999999984,82807.93392507719,828.0793392507719
1777.5,283.59625,10.44625000000002,82770.53586225463,827.7053586225463
1781.25,283.571875,10.421875,82733.15147698902,827.3315147698902
1785.0,283.54749999999996,10.39749999999998,82695.78076545322,826.9578076545322
1788.75,283.523125,10.373125000000016,82658.42372382079,826.5842372382078
1792.5,283.49875,10.348749999999995,82621.08034826584,826.2108034826583
1796.25,283.47437499999995,10.324374999999975,82583.75063496342,825.8375063496342
1800.0,283.45,10.300000000000011,82546.4345800893,825.464345800893
1803.75,283.42562499999997,10.275624999999991,82509.13217981988,825.0913217981988
1807.5,283.40125,10.251250000000027,82471.84343033248,824.7184343033248
1811.25,283.376875,10.226875000000007,82434.56832780485,824.3456832780486
1815.0,283.35249999999996,10.202499999999986,82397.30686841582,823.9730686841582
1818.75,283.328125,10.178125000000023,82360.05904834485,823.6005904834485
1822.5,283.30375,10.153750000000002,82322.824863772,823.22824863772
1826.25,283.27937499999996,10.129374999999982,82285.60431087826,822.8560431087826
1830.0,283.255,10.105000000000018,82248.39738584538,822.4839738584539
1833.75,283.230625,10.080624999999998,82211.20408485555,822.1120408485555
1837.5,283.20624999999995,10.056249999999977,82174.02440409198,821.7402440409198
1841.25,283.181875,10.031875000000014,82136.85833973873,821.3685833973873
1845.0,283.15749999999997,10.007499999999993,82099.70588798018,820.9970588798018
1848.75,283.13312499999995,9.983124999999973,82062.5670450018,820.6256704500179
1852.5,283.10875,9.958750000000009,82025.44180698972,820.2544180698973
1856.25,283.08437499999997,9.934374999999989,81988.33017013072,819.8833017013072
1860.0,283.06,9.910000000000025,81951.2321306125,819.5123213061249
1863.75,283.035625,9.885625000000005,81914.14768462318,819.1414768462319
1867.5,283.01124999999996,9.861249999999984,81877.07682835197,818.7707682835197
1871.25,282.986875,9.83687500000002,81840.01955798868,818.4001955798868
1875.0,282.9625,9.8125,81802.97586972378,818.0297586972379
1878.75,282.93812499999996,9.78812499999998,81765.9457597486,817.659457597486
1882.5,282.91375,9.763750000000016,81728.92922425528,817.2892922425527
1886.25,282.889375,9.739374999999995,81691.9262594363,816.919262594363
1890.0,282.86499999999995,9.714999999999975,81654.9368614854,816.5493686148541
1893.75,282.840625,9.690625000000011,81617.96102659687,816.1796102659687
1897.5,282.81624999999997,9.666249999999991,81580.99875096547,815.8099875096548
1901.25,282.791875,9.641875000000027,81544.0500307871,815.4405003078709
1905.0,282.7675,9.617500000000007,81507.11486225812,815.0711486225813
1908.75,282.74312499999996,9.593124999999986,81470.19324157578,814.7019324157577
1912.5,282.71875,9.568750000000023,81433.28516493812,814.3328516493812
1916.25,282.694375,9.544375000000002,81396.39062854364,813.9639062854363
1920.0,282.66999999999996,9.519999999999982,81359.50962859184,813.5950962859184
1923.75,282.645625,9.495625000000018,81322.64216128296,813.2264216128295
1927.5,282.62125,9.471249999999998,81285.78822281776,812.8578822281776
1931.25,282.59687499999995,9.446874999999977,81248.94780939797,812.4894780939798
1935.0,282.5725,9.422500000000014,81212.12091722606,812.1212091722606
1938.75,282.54812499999997,9.398124999999993,81175.30754250487,811.7530754250488
1942.5,282.52374999999995,9.373749999999973,81138.50768143848,811.3850768143848
1946.25,282.499375,9.349375000000009,81101.72133023154,811.0172133023153
1950.0,282.47499999999997,9.324999999999989,81064.94848508916,810.6494848508916
1953.75,282.450625,9.300625000000025,81028.18914221758,810.2818914221758
1957.5,282.42625,9.276250000000005,80991.44329782351,809.9144329782351
1961.25,282.40187499999996,9.251874999999984,80954.71094811455,809.5471094811454
1965.0,282.3775,9.22750000000002,80917.99208929906,809.1799208929906
1968.75,282.353125,9.203125,80881.28671758593,808.8128671758593
1972.5,282.32874999999996,9.17874999999998,80844.5948291849,808.445948291849
1976.25,282.304375,9.154375000000016,80807.91642030672,808.0791642030672
1980.0,282.28,9.129999999999995,80771.25148716236,807.7125148716236
1983.75,282.25562499999995,9.105624999999975,80734.6000259639,807.3460002596389
1987.5,282.23125,9.081250000000011,80697.9620329241,806.979620329241
1991.25,282.20687499999997,9.056874999999991,80661.33750425633,806.6133750425632
1995.0,282.1825,9.032500000000027,80624.72643617493,806.2472643617492
1998.75,282.158125,9.008125000000007,80588.12882489461,805.881288248946
